目标变量,影响因子,无HAP均值,有HAP均值,效应大小,相对效应(%),T统计量,p值,显著性,最小值均值,最大值均值,F统计量
乙醇转化率(%),HAP载体,8.631,22.602,13.971,89.46306790894246,1.3427643207984301,0.1820633234898515,不显著,,,
C4烯烃选择性(%),HAP载体,3.04,17.066,14.026,139.5205411320004,2.309395574272116,0.02275515824003115,显著,,,
乙醇转化率(%),Co负载量,,,13.574000000000002,52.477480379901806,,0.17402870510564275,不显著,20.443,34.017,1.7763704888962557
C4烯烃选择性(%),Co负载量,,,10.959999999999999,73.16747518803686,,0.1277345844071452,不显著,8.516,19.476,2.096425664017616
乙醇转化率(%),乙醇浓度,,,22.269,102.79106980751773,,0.0018125046762523462,显著,11.688,33.957,6.68610546375114
C4烯烃选择性(%),乙醇浓度,,,7.274000000000001,45.7110538553384,,0.22094193606611123,不显著,12.125,19.399,1.5305803624551182
