温度,Co_loading,ethanol_conc,总催化剂质量,Co_SiO2_HAP_ratio,乙醇转化率(%),C4烯烃选择性(%)
114.0,114.0,114.0,114.0,114.0,114.0,114.0
315.5701754385965,1.4210526315789473,1.4826315789473685,192.71929824561403,0.9352122957778888,21.989202134203875,16.45078947368421
52.31270329119558,1.1609024323268489,0.517663321466931,141.76064263847388,0.4807507463033933,22.831026318661642,13.531677233504595
250.0,0.5,0.3,20.0,-1.0,0.227691554459886,0.1
275.0,1.0,1.095,100.0,1.0,4.150046981854895,6.2075
300.0,1.0,1.68,100.0,1.0,13.284222304635101,10.775
350.0,1.0,1.68,400.0,1.0,33.265571175264846,24.6525
450.0,5.0,2.1,400.0,2.0303030303030303,88.4393444439815,53.43
