count,yield_mean,yield_std,temp_mean,temp_std,conversion_mean,selectivity_mean,co_loading_mean,ethanol_conc_mean,total_catalyst_mean,ratio_mean
10.0,30.513082527520254,8.400470874903835,400.0,23.570226039551585,75.05982170644722,40.233000000000004,1.55,1.092,295.0,1.0
10.0,7.64013927812903,4.27557213572608,315.0,12.909944487358056,32.62432488446813,25.262999999999998,1.25,1.1700000000000002,350.0,1.0
