优化类型,算法,成功,最大收率,温度,Co负载量,乙醇浓度,总催化剂质量,装料比
无约束,Basin Hopping,True,57.18098740516943,450.0,2.5183058585846676,2.1,400.0,0.4925373134328358
无约束,Differential Evolution,True,57.18098740516621,450.0,2.518304048606513,2.1,400.0,0.4925373134328358
无约束,SLSQP,True,57.180987405103764,449.99999999995913,2.5183065306021195,2.0999999999929972,399.99999999999994,0.4925373134362721
约束(T<350°C),Basin Hopping,True,21.612024282553794,350.0,2.6543557359946686,2.1,400.0,0.4925373134328358
约束(T<350°C),Differential Evolution,True,21.612024282549726,350.0,2.6543534742879182,2.1,400.0,0.4925373134328358
约束(T<350°C),SLSQP,True,21.612024282207194,349.9999999999998,2.654355901527411,2.099999999945905,399.99999999999994,0.4925373134565173
