parameter,optimal_config_effect,average_config_effect,synergy_gain,synergy_ratio
装料比,57.18098740516621,8.17762747690329,49.003359928262924,5.992368821723285
Co负载量,57.18094079212696,9.795982622344521,47.384958169782436,4.837182750987931
乙醇浓度,57.18098740516621,9.884130178857912,47.296857226308305,4.785130949355155
总催化剂质量,57.18098740516621,15.249457439342509,41.93152996582371,2.7497063507088035
温度,57.18098740516621,32.36386286157618,24.817124543590033,0.7668158974018527
