index,temperature,conversion,selectivity,yield,catalyst_id,co_loading,ethanol_conc,total_catalyst,ratio
15,400,83.7133815760754,53.43,44.72805977609709,A3,1.0,0.9,400,1.0
8,325,56.3824602331247,30.62,17.264309323382783,A2,2.0,1.68,400,1.0
