时间(min),乙醇转化率(%),乙烯选择性(%),C4烯烃选择性(%),乙醛选择性(%),碳数为4-12脂肪醇选择性(%),甲基苯甲醛和甲基苯甲醇选择性(%),其他选择性(%)
20,43.5473885704829,4.23,39.9,5.17,39.7,2.58,8.42
70,37.7881464951316,4.28,38.55,5.6,37.36,4.28,9.93
110,36.556360146903,4.46,36.72,6.37,32.39,4.63,15.43
163,32.7218573637603,4.63,39.53,7.82,31.29,4.8,11.93
197,31.7100969883427,4.62,38.96,8.19,31.49,4.26,12.48
240,29.8542302857545,4.76,40.32,8.42,32.36,4.48,9.66
273,29.9060085761557,4.68,39.04,8.79,30.86,3.95,12.68
